Workbook

Sheet Методика
A1: СВЕРКА РАСЧЁТНОГО ЯДРА VaR/ES С НЕЗАВИСИМЫМ РАСЧЁТОМ В EXCEL
A3: Инструмент: спот EUR/RUB (источник: src/data/currency/EURRUB.csv)
A4: Окно истории: последние 250 торговых дней
A5: Горизонт: 1 день (h=1)
A6: Серия P&L: pct_change (относительные доходности) — идентично логике
A7: src/compute/risk/var.py::_get_pnl_series, используемой как для VaR одного
A8: инструмента, так и для построения матрицы pnl_matrix в портфельном расчёте.
A10: СОДЕРЖАНИЕ:
A11: 1. «Данные» — исходный временной ряд (дата, курс, доходность)
A12: 2. «Расчёт Excel» — независимый расчёт по формулам PERCENTILE.INC/
A13: AVERAGEIF/NORM.S.INV без обращения к Python-коду
A14: 3. «Сводка-сверка» — таблица сравнения: значение программы (Python,
... A23: «linear») и Excel PERCENTILE.INC.

Sheet Данные
A1: Дата | B1: Курс EUR/RUB | C1: P&L (pct_change)
A2: 2025-01-15 | B2: 106.2493 | C2: 0.013291612
A3: 2025-01-16 | B3: 106.0971 | C3: -0.00143248
A4: 2025-01-17 | B4: 105.8072 | C4: -0.0027324027
A5: 2025-01-18 | B5: 104.8609 | C5: -0.0089436258
A6: 2025-01-21 | B6: 105.0457 | C6: 0.0017623347
A7: 2025-01-22 | B7: 103.2856 | C7: -0.016755564
A8: 2025-01-23 | B8: 103.2419 | C8: -0.00042309867
A9: 2025-01-24 | B9: 103.6612 | C9: 0.0040613356
A10: 2025-01-25 | B10: 103.187 | C10: -0.0045745178
A11: 2025-01-28 | B11: 102.746 | C11: -0.0042737942
A12: 2025-01-29 | B12: 101.5957 | C12: -0.01119557
A13: 2025-01-30 | B13: 102.4041 | C13: 0.0079570297
... A251: 2026-01-20 | B251: 90.1611 | C251: -0.0041474939

Sheet Расчёт Excel
A1: Метрика | B1: Формула Excel | C1: Значение Excel
A2: Среднее μ | B2: =AVERAGE('Данные'!C2:C251) | C2: =AVERAGE('Данные'!C2:C251)
A3: СКО σ (выборочное) | B3: =STDEV('Данные'!C2:C251) | C3: =STDEV('Данные'!C2:C251)
A4: Кол-во наблюдений N | B4: =COUNT('Данные'!C2:C251) | C4: =COUNT('Данные'!C2:C251)
A6: VaR исторический 95% | B6: =ABS(PERCENTILE('Данные'!C2:C251,0.05)) | C6: =ABS(PERCENTILE('Данные'!C2:C251,0.05))
A7: VaR исторический 99% | B7: =ABS(PERCENTILE('Данные'!C2:C251,0.01)) | C7: =ABS(PERCENTILE('Данные'!C2:C251,0.01))
A8: ES исторический 95% | B8: =ABS(AVERAGEIF('Данные'!C2:C251,"<="&PERCENTILE('Данные'!C2:C251,0.05))) | C8: =ABS(AVERAGEIF('Данные'!C2:C251,"<="&PERCENTILE('Данные'!C2:C251,0.05)))
A9: ES исторический 99% | B9: =ABS(AVERAGEIF('Данные'!C2:C251,"<="&PERCENTILE('Данные'!C2:C251,0.01))) | C9: =ABS(AVERAGEIF('Данные'!C2:C251,"<="&PERCENTILE('Данные'!C2:C251,0.01)))
A11: VaR параметрический 99% | B11: =ABS(-C2 + C3*NORMSINV(0.99)) | C11: =ABS(-C2 + C3*NORMSINV(0.99))
A12: VaR параметрический 97,5% | B12: =ABS(-C2 + C3*NORMSINV(0.975)) | C12: =ABS(-C2 + C3*NORMSINV(0.975))
A13: ES параметрический 99% | B13: =ABS(-C2 + C3*NORMDIST(NORMSINV(0.01),0,1,FALSE)/0.01) | C13: =ABS(-C2 + C3*NORMDIST(NORMSINV(0.01),0,1,FALSE)/0.01)
A14: ES параметрический 97,5% | B14: =ABS(-C2 + C3*NORMDIST(NORMSINV(0.025),0,1,FALSE)/0.025) | C14: =ABS(-C2 + C3*NORMDIST(NORMSINV(0.025),0,1,FALSE)/0.025)

Sheet Сводка-сверка
A1: № | B1: Метрика | C1: Уровень доверия | D1: Программа (Python) | E1: Excel (формула) | F1: Расхождение, % | G1: Вердикт (допуск 0,5%)
A2: 1 | B2: VaR исторический | C2: 95% | D2: 0.017022795 | E2: ='Расчёт Excel'!C6 | F2: =ABS(D2-E2)/D2*100 | G2: =IF(F2<=0.5,"Пройден","НЕ пройден")
A3: 2 | B3: VaR исторический | C3: 99% | D3: 0.030548026 | E3: ='Расчёт Excel'!C7 | F3: =ABS(D3-E3)/D3*100 | G3: =IF(F3<=0.5,"Пройден","НЕ пройден")
A4: 3 | B4: ES исторический | C4: 95% | D4: 0.023901971 | E4: ='Расчёт Excel'!C8 | F4: =ABS(D4-E4)/D4*100 | G4: =IF(F4<=0.5,"Пройден","НЕ пройден")
A5: 4 | B5: ES исторический | C5: 99% | D5: 0.033323238 | E5: ='Расчёт Excel'!C9 | F5: =ABS(D5-E5)/D5*100 | G5: =IF(F5<=0.5,"Пройден","НЕ пройден")
A6: 5 | B6: VaR параметрический | C6: 97,5% | D6: 0.020613708 | E6: ='Расчёт Excel'!C12 | F6: =ABS(D6-E6)/D6*100 | G6: =IF(F6<=0.5,"Пройден","НЕ пройден")
A7: 6 | B7: VaR параметрический | C7: 99% | D7: 0.024364009 | E7: ='Расчёт Excel'!C11 | F7: =ABS(D7-E7)/D7*100 | G7: =IF(F7<=0.5,"Пройден","НЕ пройден")
A8: 7 | B8: ES параметрический | C8: 97,5% | D8: 0.024481261 | E8: ='Расчёт Excel'!C14 | F8: =ABS(D8-E8)/D8*100 | G8: =IF(F8<=0.5,"Пройден","НЕ пройден")
A9: 8 | B9: ES параметрический | C9: 99% | D9: 0.027832641 | E9: ='Расчёт Excel'!C13 | F9: =ABS(D9-E9)/D9*100 | G9: =IF(F9<=0.5,"Пройден","НЕ пройден")
